"sisal_site_id","site_name","wkt","n_d18o_samples","n_d13c_samples","isArchaeologicalSite","arch_category","arch_broader_context","arch_note","wikidata_qid","osm_id","osm_type","osm_url","osm_match_score","osm_match_distance_km","isUNESCO","unesco_wh_id","arch_confidence"
"4","Villars cave","POINT(0.78 45.43)","1126","1126","true","Palaeolithic Art","PalaeolithicContext","Palaeolithic paintings, Dordogne","Q3578093",2423303117,"node","https://www.openstreetmap.org/node/2423303117",,,"no",,"high"
"11","Jeita cave","POINT(35.65 33.95)","1830","1830","true","Prehistoric Occupation","PrehistoricContext","Prehistoric finds",,,,,,,"no",,"high"
"16","Han-sur-Lesse cave","POINT(5.1884 50.1164)","953","953","true","Prehistoric Occupation","PrehistoricContext","Archaeological finds",,,,,,,"no",,"high"
"67","Clearwater/Wind caves connection","POINT(114.83 4.1)","385","385","true","Prehistoric Occupation","PrehistoricContext","Mulu – prehistoric finds",,,,,,,"yes","709","high"
"71","Baradla cave","POINT(20.5 48.4667)","559","559","true","Neolithic / Bronze Age","PrehistoricContext","Neolithic–Bronze Age finds, UNESCO World Heritage","Q631356",981440188,"node","https://www.openstreetmap.org/node/981440188",,,"yes","171","high"
"73","Bourgeois–Delaunay cave","POINT(0.5133 45.6678)","358","358","true","Palaeolithic Occupation","PalaeolithicContext","La Chaise, Palaeolithic hominin remains",,,,,,,"no",,"high"
"77","Chauvet cave","POINT(4.26 44.23)","187","187","true","Palaeolithic Art","PalaeolithicContext","UNESCO World Heritage, ~36,000 BP cave paintings","Q374096",2199517628,"node","https://www.openstreetmap.org/node/2199517628",,,"yes","1426","high"
"81","Gueldaman cave","POINT(4.5667 36.4333)","425","425","true","Neolithic / Protohistoric","PrehistoricContext","Neolithic artefacts",,,,,,,"no",,"high"
"87","Pindal cave","POINT(-4.53 43.4)","422","413","true","Palaeolithic Art","PalaeolithicContext","Rock art, Asturias","Q555011",558629070,"node","https://www.openstreetmap.org/node/558629070",,,"yes","714","high"
"104","Liang Luar","POINT(120.43 -8.53)","2715","2047","true","Hominin Site","PalaeontologicalContext","Type site for Homo floresiensis",,,,,,,"no",,"high"
"108","Clamouse cave","POINT(3.55 43.71)","299","299","true","Palaeolithic Occupation","PalaeolithicContext","Prehistoric occupation",,,,,,,"no",,"high"
"118","Clearwater cave","POINT(114.8333 4.1)","228","0","true","Prehistoric Occupation","PrehistoricContext","Prehistoric finds, Mulu",,,,,,,"yes","709","high"
"136","Juxtlahuaca cave","POINT(-99.2 17.4)","2698","679","true","Mesoamerican Art","MesoamericanContext","Olmec cave paintings",,,,,,,"no",,"high"
"160","Soreq cave","POINT(35.0226 31.7558)","1432","0","true","Prehistoric Occupation","PrehistoricContext","Near major prehistoric sites, key palaeoclimate proxy",,,,,,,"no",,"high"
"182","Kotumsar cave","POINT(82 19)","1546","1546","true","Prehistoric Occupation","PrehistoricContext","Archaeological finds reported",,,,,,,"no",,"high"
"223","Wanxiang cave","POINT(105 33.32)","711","0","true","Historic / Prehistoric","HistoricContext","Archaeological context reported",,,,,,,"no",,"high"
"253","Hoq cave","POINT(54.3543 12.5866)","1426","1426","true","Ancient Inscriptions","HistoricContext","Ancient inscriptions, Socotra Island",,,,,,,"no",,"high"
"266","Cueva Victoria","POINT(-0.8215 37.6322)","1030","1030","true","Pleistocene Fauna / Hominins","PalaeontologicalContext","Hominins & Pleistocene fauna",,,,,,,"no",,"high"
"268","Pere Noel cave","POINT(5.2 50)","260","260","true","Palaeolithic Occupation","PalaeolithicContext","Prehistoric occupation","Q8348804",418784261,"node","https://www.openstreetmap.org/node/418784261",,,"no",,"high"
"275","Buraca Gloriosa","POINT(-8.7833 39.5333)","1178","1178","true","Prehistoric Occupation","PrehistoricContext","Pleistocene/Prehistoric finds",,,,,,,"no",,"high"
"286","La Garma cave","POINT(-3.6658 43.4306)","765","497","true","Palaeolithic Art","PalaeolithicContext","Palaeolithic occupation & art, Cantabria",,,,,,,"yes","714","high"
"295","Qadisha cave","POINT(36.0364 34.2439)","228","228","true","Sacred / Historic","HistoricContext","Qadisha Valley, UNESCO World Heritage",,,,,,,"yes","850","high"
"297","Bàsura cave","POINT(8.2 44.13)","265","0","true","Palaeolithic Art","PalaeolithicContext","Palaeolithic footprints & art, Liguria",,,,,,,"no",,"high"
"298","Belum cave","POINT(78.1 15.1)","861","861","true","Prehistoric Occupation","PrehistoricContext","Prehistoric occupation",,,,,,,"no",,"high"
"324","La Vallina","POINT(-4.8067 43.41)","890","890","true","Palaeolithic Art","PalaeolithicContext","Rock art, Asturias",,,,,,,"no",,"high"
"329","Matupi cave","POINT(29.82 1.25)","222","222","true","African Later Stone Age","PrehistoricContext","Later Stone Age artefacts",,,,,,,"no",,"high"
"359","Zoolithen cave","POINT(11.2829 49.7793)","263","263","true","Pleistocene Fauna","PalaeontologicalContext","Cave bear & Pleistocene megafauna",,,,,,,"no",,"high"
"161","Aurora cave","POINT(167.6979 -45.2953)","124","124","true","Prehistoric Occupation","PrehistoricContext","Near Homo luzonensis sites",,,,,,,"no",,"low"
"19","Kanaan cave","POINT(35.6069 33.9069)","965","965","true","Prehistoric Occupation","PrehistoricContext","Prehistoric context",,,,,,,"no",,"medium"
"135","Grotte de Piste","POINT(-4.246 33.95)","588","0","true","Prehistoric Art","PrehistoricContext","Prehistoric rock art",,,,,,,"no",,"medium"
"226","Cueva del Diamante","POINT(-77.5 -5.73)","1830","1833","true","Mesoamerican","MesoamericanContext","Archaeological cave",,,,,,,"no",,"medium"
"245","Nakarallu cave","POINT(77.99 14.52)","1134","1134","true","Prehistoric Occupation","PrehistoricContext","Prehistoric finds",,,,,,,"no",,"medium"
"258","B7 cave","POINT(7 49)","142","142","true","Prehistoric Occupation","PrehistoricContext","Soreq area, prehistoric context",,,,,,,"no",,"medium"
"267","Gruta do Casal da Lebre","POINT(-9.2667 39.3)","55","55","true","Prehistoric Occupation","PrehistoricContext","Prehistoric finds",,,,,,,"no",,"medium"
"337","Pir Ghar cave","POINT(57.42 35.23)","116","116","true","Prehistoric Occupation","PrehistoricContext","South Asian prehistoric occupation",,,,,,,"no",,"medium"
"353","Wintimdouine","POINT(-9.49 30.77)","1597","0","true","Prehistoric Art","PrehistoricContext","Prehistoric rock art",,,,,,,"no",,"medium"
"364","Naharon","POINT(-87.54 20.18)","419","419","true","Prehistoric Occupation","PrehistoricContext","Submerged prehistoric human remains (underwater archaeology)",,,,,,,"no",,"medium"
"1","Bittoo cave","POINT(77.7764 30.7903)","4167","4167","false",,,,,,,,,,"no",,
"2","Kesang cave","POINT(81.75 42.87)","1531","1531","false",,,,,,,,,,"no",,
"3","Paraiso cave","POINT(-55.45 -4.0667)","3184","2179","false",,,,,,,,,,"no",,
"5","Yangkou cave","POINT(107.1833 29.0333)","1634","1104","false",,,,,,,,,,"no",,
"6","Hulu cave","POINT(119.17 32.5)","2333","0","false",,,,,,,,,,"no",,
"7","Cold Air cave","POINT(29.1833 -24)","886","886","false",,,,,,,,,,"no",,
"8","Lancaster Hole","POINT(-2.5168 54.2209)","1123","1123","false",,,,,,,,,,"no",,
"9","Tonnel’naya cave","POINT(67.23 38.4)","5880","5880","false",,,,,,,,,,"no",,
"10","Jaraguá cave","POINT(-56.583 -21.083)","4358","4358","false",,,,,,,,,,"no",,
"12","Mawmluh cave","POINT(91.8817 25.2622)","4701","2480","false",,,,,,,,,,"no",,
"13","Ball Gown cave","POINT(125 -17.03)","421","211","false",,,,,,,,,,"no",,
"14","Lehman caves","POINT(-114.22 39.01)","208","208","false",,,,,,,,,,"no",,
"15","Baschg cave","POINT(9.6667 47.2501)","1895","666","false",,,,,,,,,,"no",,
"17","Huangye cave","POINT(105.1167 33.5833)","381","0","false",,,,,,,,,,"no",,
"20","Secret cave","POINT(114.8503 4.0848)","672","0","false",,,,,,,,,,"no",,
"23","Lapa grande cave","POINT(-44.28 -14.37)","2668","758","false",,,,,,,,,,"no",,
"24","Lapa sem fim cave","POINT(-44.6281 -16.1503)","4229","2218","false",,,,,,,,,,"no",,
"25","Palestina cave","POINT(-77.35 -5.92)","434","435","false",,,,,,,,,,"no",,
"26","Okshola cave","POINT(15 67)","438","438","false",,,,,,,,,,"no",,
"27","Tamboril cave","POINT(-47 -16)","866","866","false",,,,,,,,,,"no",,
"28","Valmiki cave ","POINT(77.8167 15.15)","485","263","false",,,,,,,,,,"no",,
"29","Mairs cave","POINT(138.83 -32.16)","878","878","false",,,,,,,,,,"no",,
"31","Abaliget cave","POINT(18.1167 46.1333)","779","779","false",,,,,,,,,,"no",,
"32","Anjokipoty","POINT(46.7344 -15.5784)","269","269","false",,,,,,,,,,"no",,
"34","Cueva del Diablo","POINT(-99.921 18.192)","150","150","false",,,,,,,,,,"no",,
"35","Curupira cave","POINT(-56.7839 -15.2002)","253","253","false",,,,,,,,,,"no",,
"36","Dayu cave","POINT(106.3 33.133)","305","0","false",,,,,,,,,,"no",,
"38","Diva cave","POINT(-41.5733 -12.3819)","539","539","false",,,,,,,,,,"no",,
"39","Dongge cave","POINT(108.0833 25.2833)","5404","0","false",,,,,,,,,,"no",,
"40","Excentrica cave","POINT(-7.77 37.1)","32","32","false",,,,,,,,,,"no",,
"42","Ifoulki cave","POINT(-9.3275 30.708)","727","727","false",,,,,,,,,,"no",,
"45","Kulishu cave","POINT(115.65 39.68)","234","234","false",,,,,,,,,,"no",,
"46","Labyrintgrottan cave","POINT(14.68 66.06)","46","46","false",,,,,,,,,,"no",,
"47","Larshullet cave","POINT(14.1822 66.4381)","273","273","false",,,,,,,,,,"no",,
"48","Leviathan cave","POINT(-115.58 37.89)","1388","1388","false",,,,,,,,,,"no",,
"49","McLean's cave","POINT(-120.42 38.07)","900","900","false",,,,,,,,,,"no",,
"53","Pippikin Pot cave","POINT(-2.5123 54.2143)","483","483","false",,,,,,,,,,"no",,
"54","Sahiya cave","POINT(77.8667 30.6)","3734","3734","false",,,,,,,,,,"no",,
"55","Sieben Hengste cave","POINT(7.81 46.75)","5720","1439","false",,,,,,,,,,"no",,
"56","Skala Marion cave","POINT(24.5144 40.6387)","209","209","false",,,,,,,,,,"no",,
"57","Soylegrotta cave","POINT(14 66)","477","477","false",,,,,,,,,,"no",,
"58","Spannagel cave","POINT(11.67 47.08)","8939","2484","false",,,,,,,,,,"no",,
"59","Suozi cave","POINT(107.17 32.43)","183","183","false",,,,,,,,,,"no",,
"60","Taurius cave","POINT(167.0167 -15.5333)","1630","1630","false",,,,,,,,,,"no",,
"61","Timta cave","POINT(82.0336 29.8381)","362","362","false",,,,,,,,,,"no",,
"62","Torrinha cave","POINT(-41.6038 -12.3495)","91","91","false",,,,,,,,,,"no",,
"63","Tzabnah cave","POINT(-89.716 20.73)","709","0","false",,,,,,,,,,"no",,
"64","Wah Shikhar cave","POINT(91.8667 25.25)","625","602","false",,,,,,,,,,"no",,
"65","Whiterock cave","POINT(114.86 4.15)","1142","189","false",,,,,,,,,,"no",,
"66","White Scar cave","POINT(-2.4419 54.1656)","160","160","false",,,,,,,,,,"no",,
"69","Xinglong cave","POINT(117.5 40.5)","569","395","false",,,,,,,,,,"no",,
"70","Abaco Island cave","POINT(-77.16 26.23)","1828","1828","false",,,,,,,,,,"no",,
"72","Ascunsa cave","POINT(22.6 45)","890","890","false",,,,,,,,,,"no",,
"74","Cango cave","POINT(22.2147 -33.3925)","170","170","false",,,,,,,,,,"no",,
"78","Chilibrillo cave","POINT(-79.6164 9.1741)","483","483","false",,,,,,,,,,"no",,
"79","Dim cave","POINT(32.1056 36.534)","1050","1050","false",,,,,,,,,,"no",,
"80","Furong cave","POINT(107.9036 29.2289)","669","299","false",,,,,,,,,,"no",,
"82","Hollywood cave","POINT(171.47 -41.95)","856","856","false",,,,,,,,,,"no",,
"83","La Mine cave","POINT(9.68 36.03)","78","78","false",,,,,,,,,,"no",,
"84","Leány cave","POINT(18.84 47.7)","189","189","false",,,,,,,,,,"no",,
"85","Macal Chasm","POINT(-89.108 16.883)","660","660","false",,,,,,,,,,"no",,
"86","Modric cave","POINT(15.5372 44.2568)","95","95","false",,,,,,,,,,"no",,
"90","Trió cave","POINT(18.15 46.11)","142","142","false",,,,,,,,,,"no",,
"91","Ursilor cave","POINT(22.5695 46.5537)","39","39","false",,,,,,,,,,"no",,
"94","Anjohibe","POINT(46.88 -15.53)","2553","2553","false",,,,,,,,,,"no",,
"95","Brown's cave","POINT(-82.5186 27.8894)","1476","1476","false",,,,,,,,,,"no",,
"97","Bue Marino cave","POINT(9.6228 40.2467)","295","295","false",,,,,,,,,,"no",,
"98","Crag cave","POINT(-9.43 52.25)","145","145","false",,,,,,,,,,"no",,
"99","Dante cave","POINT(17.8833 -19.4)","579","579","false",,,,,,,,,,"no",,
"100","Katerloch cave","POINT(15.55 47.0833)","2534","2534","false",,,,,,,,,,"no",,
"101","Klapferloch cave","POINT(10.55 46.95)","2814","2814","false",,,,,,,,,,"no",,
"102","Korallgrottan cave","POINT(14.16 64.89)","73","73","false",,,,,,,,,,"no",,
"103","Lapa Doce cave","POINT(-41.6043 -12.3344)","124","124","false",,,,,,,,,,"no",,
"105","Schneckenloch cave","POINT(9.8667 47.4333)","2477","2477","false",,,,,,,,,,"no",,
"106","Seso cave","POINT(0.04 42.46)","153","153","false",,,,,,,,,,"no",,
"107","Yok Balum cave","POINT(-89.0735 16.2086)","4047","4047","false",,,,,,,,,,"no",,
"109","Molinos cave","POINT(-0.4492 40.7925)","168","168","false",,,,,,,,,,"no",,
"111","Rainha cave","POINT(-37.6432 -5.5782)","953","0","false",,,,,,,,,,"no",,
"112","Xinya cave","POINT(109.47 30.75)","185","0","false",,,,,,,,,,"no",,
"113","Paixão cave","POINT(-41.0184 -12.6182)","820","0","false",,,,,,,,,,"no",,
"115","Hölloch im Mahdtal","POINT(10.1506 47.3781)","5530","5530","false",,,,,,,,,,"no",,
"116","Bukit Assam cave","POINT(114.8 4.03)","4827","862","false",,,,,,,,,,"no",,
"117","Bunker cave","POINT(7.6647 51.3675)","6356","6356","false",,,,,,,,,,"no",,
"120","Ejulve cave","POINT(-0.59 40.76)","1237","1237","false",,,,,,,,,,"no",,
"121","Entrische Kirche cave","POINT(13.15 47.16)","1340","1340","false",,,,,,,,,,"no",,
"122","Heshang cave","POINT(110.4167 30.45)","2086","2086","false",,,,,,,,,,"no",,
"123","Milchbach cave","POINT(8.083 46.6167)","1995","1995","false",,,,,,,,,,"no",,
"127","Xiaobailong cave","POINT(103.36 24.2)","1874","0","false",,,,,,,,,,"no",,
"128","Buckeye creek","POINT(-80.4 37.98)","1533","0","false",,,,,,,,,,"no",,
"129","Grotta di Carburangeli","POINT(13.1603 38.1665)","1223","1223","false",,,,,,,,,,"no",,
"130","Dandak cave","POINT(82 19)","1874","1871","false",,,,,,,,,,"no",,
"132","Kleegruben cave","POINT(11.67 47.08)","1633","1633","false",,,,,,,,,,"no",,
"133","Buca della Renella","POINT(10.21 44.08)","758","759","false",,,,,,,,,,"no",,
"134","Cave of the Bells","POINT(-110.75 31.75)","1191","0","false",,,,,,,,,,"no",,
"137","Kinderlinskaya cave","POINT(56.85 54.15)","933","933","false",,,,,,,,,,"no",,
"138","Moomi cave","POINT(54.2 12.55)","1521","632","false",,,,,,,,,,"no",,
"139","Oregon caves national monument","POINT(-123.4072 42.0981)","2680","2680","false",,,,,,,,,,"no",,
"140","Sanbao cave","POINT(110.4333 31.667)","9535","0","false",,,,,,,,,,"no",,
"141","Sofular cave","POINT(31.9333 41.4167)","9265","3962","false",,,,,,,,,,"no",,
"142","Tianmen","POINT(90.0667 30.9167)","1313","0","false",,,,,,,,,,"no",,
"144","Botuverá cave","POINT(-49.1569 -27.2247)","920","920","false",,,,,,,,,,"no",,
"145","Antro del Corchia","POINT(10.2167 43.9833)","2852","2740","false",,,,,,,,,,"no",,
"146","Gunung-buda cave (snail shell cave)","POINT(114.48 4.02)","695","0","false",,,,,,,,,,"no",,
"147","Fort Stanton cave","POINT(-105.4433 33.5067)","359","359","false",,,,,,,,,,"no",,
"149","Arch cave","POINT(-127.07 50.55)","40","40","false",,,,,,,,,,"no",,
"151","Guillotine cave","POINT(172.2178 -42.3108)","187","187","false",,,,,,,,,,"no",,
"152","Hoti cave","POINT(57.35 23.0833)","1219","832","false",,,,,,,,,,"no",,
"154","Jiuxian cave","POINT(109.1 33.5667)","1019","0","false",,,,,,,,,,"no",,
"155","KNI-51","POINT(128.62 -15.3)","1841","182","false",,,,,,,,,,"no",,
"156","Mavri Trypa cave","POINT(21.7596 36.736)","354","354","false",,,,,,,,,,"no",,
"157","Munagamanu cave","POINT(77.92 15.15)","423","423","false",,,,,,,,,,"no",,
"158","Nettlebed cave","POINT(172.68 -41.23)","201","201","false",,,,,,,,,,"no",,
"162","Calcite cave (Mt Luxmore, Fiordland)","POINT(167.74 -46.02)","51","51","false",,,,,,,,,,"no",,
"163","Gardener's Gut","POINT(175.02 -38.25)","208","208","false",,,,,,,,,,"no",,
"164","Max's cave","POINT(175.0167 -38.2667)","61","61","false",,,,,,,,,,"no",,
"165","Ruakuri cave","POINT(175.08 -36.27)","726","726","false",,,,,,,,,,"no",,
"166","Te Reinga cave","POINT(177.52 -38.82)","429","429","false",,,,,,,,,,"no",,
"167","Waiau cave","POINT(167.73 -46)","26","26","false",,,,,,,,,,"no",,
"168","Wazpretti cave","POINT(171.4 -42.1)","85","85","false",,,,,,,,,,"no",,
"169","Doubtful Xanadu","POINT(167.0476 -45.3735)","96","96","false",,,,,,,,,,"no",,
"172","Wolkberg cave","POINT(29.88 -24.1)","176","176","false",,,,,,,,,,"no",,
"173","Perdida cave","POINT(-67 18)","216","218","false",,,,,,,,,,"no",,
"174","Zhuliuping cave","POINT(104.095 26.0167)","547","547","false",,,,,,,,,,"no",,
"175","Yaoba Don cave","POINT(109.83 28.8)","189","189","false",,,,,,,,,,"no",,
"177","Santo Tomas cave","POINT(-83.84 22.55)","1771","1778","false",,,,,,,,,,"no",,
"178","Yamen cave","POINT(107.9 25.4833)","1020","0","false",,,,,,,,,,"no",,
"181","Forestry cave","POINT(159.974 -9.489)","2679","2679","false",,,,,,,,,,"no",,
"183","Dos Anas cave","POINT(-83.97 22.38)","1823","1824","false",,,,,,,,,,"no",,
"185","Beatus cave","POINT(7.7819 46.6847)","3019","0","false",,,,,,,,,,"no",,
"186","Bribin cave","POINT(110.633 -8.05)","377","374","false",,,,,,,,,,"no",,
"187","Cesare Battisti cave","POINT(11.03 46.13)","435","435","false",,,,,,,,,,"no",,
"189","Chen Ha cave","POINT(-89.0925 16.6769)","1573","1573","false",,,,,,,,,,"no",,
"190","Cold Water cave","POINT(-91.975 43.4678)","483","483","false",,,,,,,,,,"no",,
"191","Devil's Icebox cave","POINT(-92.05 38.15)","115","115","false",,,,,,,,,,"no",,
"192","El Condor cave","POINT(-77.3 -5.93)","1047","742","false",,,,,,,,,,"no",,
"193","Frasassi cave system - Grotta Grande del Vento","POINT(12.9619 43.4008)","537","539","false",,,,,,,,,,"no",,
"195","Harrison's cave","POINT(-59.6 13.2)","344","344","false",,,,,,,,,,"no",,
"196","Karaca cave","POINT(39.4029 40.5443)","309","309","false",,,,,,,,,,"no",,
"197","Klaus Cramer cave","POINT(9.52 47.26)","850","0","false",,,,,,,,,,"no",,
"198","Lianhua cave, Hunan","POINT(109.5333 29.48)","1573","818","false",,,,,,,,,,"no",,
"199","Lynds cave","POINT(146.25 -41.58)","53","53","false",,,,,,,,,,"no",,
"200","Minnetonka cave","POINT(-111.519 42.0875)","644","644","false",,,,,,,,,,"no",,
"202","Piani Eterni karst system","POINT(11.99 46.16)","930","930","false",,,,,,,,,,"no",,
"203","Poleva cave","POINT(21.7469 44.7144)","148","148","false",,,,,,,,,,"no",,
"204","Xibalba cave","POINT(-89 16.5)","595","582","false",,,,,,,,,,"no",,
"205","São Bernardo cave","POINT(-46.35 -13.81)","3428","1714","false",,,,,,,,,,"no",,
"206","São Matheus cave","POINT(-46.35 -13.81)","576","0","false",,,,,,,,,,"no",,
"207","Shatuca cave","POINT(-77.9 -5.7)","2195","0","false",,,,,,,,,,"no",,
"208","Tangga cave","POINT(100.76 -0.36)","981","981","false",,,,,,,,,,"no",,
"209","Uluu-Too cave","POINT(72.35 40.4)","1807","1807","false",,,,,,,,,,"no",,
"210","White moon cave","POINT(-122.183 37)","273","273","false",,,,,,,,,,"no",,
"211","Xiangshui cave","POINT(110.92 25.25)","248","248","false",,,,,,,,,,"no",,
"213","Tausoare cave","POINT(24.5167 47.4333)","722","722","false",,,,,,,,,,"no",,
"214","Cave C126","POINT(113.9 -22.1)","312","312","false",,,,,,,,,,"no",,
"215","Chaara cave","POINT(-4.2461 33.9558)","2230","0","false",,,,,,,,,,"no",,
"216","Dark cave","POINT(106.1667 27.2)","510","0","false",,,,,,,,,,"no",,
"219","Shennong cave","POINT(117.26 28.71)","1800","1800","false",,,,,,,,,,"no",,
"221","La Vierge cave","POINT(63.3703 -19.7572)","2666","2666","false",,,,,,,,,,"no",,
"222","Patate cave","POINT(63.3864 -19.7583)","190","190","false",,,,,,,,,,"no",,
"224","Xianglong cave","POINT(106.33 33)","981","981","false",,,,,,,,,,"no",,
"225","Chiflonkhakha cave","POINT(-65.7739 -18.1222)","683","371","false",,,,,,,,,,"no",,
"230","Marota cave","POINT(-41.0216 -12.6227)","723","0","false",,,,,,,,,,"no",,
"231","Pacupahuain cave","POINT(-75.82 -11.24)","1009","1010","false",,,,,,,,,,"no",,
"232","Rio Secreto cave system","POINT(-87.13 20.59)","1138","333","false",,,,,,,,,,"no",,
"233","Robinson cave","POINT(-107.7 33)","136","136","false",,,,,,,,,,"no",,
"234","Santana cave","POINT(-48.7267 -24.5308)","661","661","false",,,,,,,,,,"no",,
"235","Cueva del Tigre Perdido","POINT(-77.3081 -5.9406)","590","0","false",,,,,,,,,,"no",,
"236","Toca da Boa Vista","POINT(-40.8605 -10.1602)","791","61","false",,,,,,,,,,"no",,
"237","Umajalanta cave","POINT(-65.77 -18.12)","242","0","false",,,,,,,,,,"no",,
"239","Baluk cave","POINT(84.733 42.433)","250","0","false",,,,,,,,,,"no",,
"241","Gempa bumi cave","POINT(120 -5)","1077","1077","false",,,,,,,,,,"no",,
"242","Haozhu cave","POINT(109.9833 30.6833)","422","0","false",,,,,,,,,,"no",,
"243","Kailash cave","POINT(81.9915 18.8445)","1186","0","false",,,,,,,,,,"no",,
"244","Lianhua cave, Shanxi","POINT(113.7167 38.1667)","1084","0","false",,,,,,,,,,"no",,
"246","Palawan cave","POINT(118.9 10.2)","335","0","false",,,,,,,,,,"no",,
"248","Shenqi cave","POINT(103.1 28.333)","787","0","false",,,,,,,,,,"no",,
"249","Shigao cave","POINT(107.167 28.183)","453","0","false",,,,,,,,,,"no",,
"250","Wuya cave","POINT(105.43 33.82)","2282","2282","false",,,,,,,,,,"no",,
"252","Andriamaniloke","POINT(43.7569 -24.051)","106","106","false",,,,,,,,,,"no",,
"254","PP29","POINT(22.0876 -34.2078)","157","158","false",,,,,,,,,,"no",,
"255","Mitoho","POINT(43.7533 -24.0477)","1375","1375","false",,,,,,,,,,"no",,
"256","Lithophagus cave","POINT(22.6 46.828)","40","40","false",,,,,,,,,,"no",,
"259","Cobre cave","POINT(-4.37 42.98)","225","225","false",,,,,,,,,,"no",,
"260","Crovassa Azzurra","POINT(8.48 39.28)","707","707","false",,,,,,,,,,"no",,
"262","Bleßberg cave","POINT(11.0203 50.4244)","1957","1957","false",,,,,,,,,,"no",,
"263","Bulgarian Orlova Chuka cave","POINT(25.9597 43.5937)","763","763","false",,,,,,,,,,"no",,
"264","Strašna peć cave","POINT(15.0388 44.0049)","258","258","false",,,,,,,,,,"no",,
"265","Coves de Campanet","POINT(2.9683 39.7937)","439","439","false",,,,,,,,,,"no",,
"269","Gejkar cave","POINT(45.1645 35.8)","840","840","false",,,,,,,,,,"no",,
"270","Gol-E-Zard cave","POINT(52 35.84)","259","259","false",,,,,,,,,,"no",,
"271","Jersey cave","POINT(148.49 -35.72)","132","132","false",,,,,,,,,,"no",,
"272","Metro cave","POINT(171.47 -41.93)","489","488","false",,,,,,,,,,"no",,
"273","Crystal cave","POINT(-118.82 36.59)","1054","0","false",,,,,,,,,,"no",,
"274","Terciopelo cave","POINT(-85.33 10.17)","1018","1018","false",,,,,,,,,,"no",,
"277","Huagapo cave","POINT(-75.79 -11.27)","1347","1347","false",,,,,,,,,,"no",,
"278","Pink Panther cave","POINT(-105.2 32)","682","0","false",,,,,,,,,,"no",,
"279","Staircase cave","POINT(22.0899 -34.2071)","252","252","false",,,,,,,,,,"no",,
"280","Atta cave","POINT(7.9 51.1)","384","384","false",,,,,,,,,,"no",,
"281","Venado cave","POINT(-84.77 10.55)","253","253","false",,,,,,,,,,"no",,
"282","Wadi Sannur cave","POINT(31.2833 28.6167)","70","0","false",,,,,,,,,,"no",,
"283","Babylon cave","POINT(171.47 -41.95)","219","219","false",,,,,,,,,,"no",,
"284","Creighton`s cave","POINT(172.47 -40.63)","40","40","false",,,,,,,,,,"no",,
"285","Disbelief cave","POINT(177.52 -38.82)","46","46","false",,,,,,,,,,"no",,
"287","Twin Forks cave","POINT(172.48 -40.63)","34","34","false",,,,,,,,,,"no",,
"288","Wet Neck cave","POINT(172.48 -40.7)","140","140","false",,,,,,,,,,"no",,
"289","Gassel Tropfsteinhöhle","POINT(13.8428 47.8228)","3029","3029","false",,,,,,,,,,"no",,
"290","Grete-Ruth Shaft","POINT(12.0272 47.5429)","705","705","false",,,,,,,,,,"no",,
"292","Limnon cave","POINT(22.1403 37.9605)","177","177","false",,,,,,,,,,"no",,
"293","Tham Doun Mai","POINT(102.65 20.75)","1578","1578","false",,,,,,,,,,"no",,
"294","Palco cave","POINT(-66.5 18.35)","318","0","false",,,,,,,,,,"no",,
"296","Amir Timur cave","POINT(66.7632 39.4227)","270","270","false",,,,,,,,,,"no",,
"299","Calabrez","POINT(-5.13 43.45)","42","42","false",,,,,,,,,,"no",,
"300","Careys cave","POINT(148.66 -35.07)","178","178","false",,,,,,,,,,"no",,
"301","Cathedral cave","POINT(148.94 -32.617)","575","575","false",,,,,,,,,,"no",,
"303","Crystal cave, Australia","POINT(115 -34.1)","246","246","false",,,,,,,,,,"no",,
"304","Cueva Bonita","POINT(-99 23)","399","399","false",,,,,,,,,,"no",,
"305","Cueva Rosa","POINT(-5.1403 43.4436)","499","499","false",,,,,,,,,,"no",,
"306","Cuíca cave","POINT(-60.6431 -11.6822)","1509","1505","false",,,,,,,,,,"no",,
"307","Efflux cave","POINT(22.34 -33.41)","861","870","false",,,,,,,,,,"no",,
"308","GD8","POINT(-21.7468 80.3777)","1918","1918","false",,,,,,,,,,"no",,
"310","Golgotha cave","POINT(115.05 -34.083)","101","101","false",,,,,,,,,,"no",,
"312","Heifeng cave","POINT(107.1833 29.0167)","325","0","false",,,,,,,,,,"no",,
"313","Herbstlabyrinth cave","POINT(8.2058 50.6875)","773","773","false",,,,,,,,,,"no",,
"314","Herolds Bay cave","POINT(22.39 -34.05)","237","242","false",,,,,,,,,,"no",,
"315","Huangchao cave","POINT(118.3333 36.6167)","111","111","false",,,,,,,,,,"no",,
"316","Hüttenbläserschachthöhle","POINT(7.6547 51.3689)","1346","1348","false",,,,,,,,,,"no",,
"317","Jiangjun cave","POINT(104.8167 22.95)","120","120","false",,,,,,,,,,"no",,
"318","Jinfo cave","POINT(107.1792 29.0167)","592","0","false",,,,,,,,,,"no",,
"319","Jiulong cave","POINT(113.9 27.8)","505","505","false",,,,,,,,,,"no",,
"320","Katalekhor","POINT(48.16 35.85)","287","287","false",,,,,,,,,,"no",,
"321","Klang","POINT(98.73 8.33)","677","0","false",,,,,,,,,,"no",,
"323","Kyok-Tash cave","POINT(85.656 51.729)","818","818","false",,,,,,,,,,"no",,
"325","Larga cave","POINT(-66.8 18.32)","2049","2032","false",,,,,,,,,,"no",,
"326","Linzhu cave","POINT(110.3167 31.5167)","356","0","false",,,,,,,,,,"no",,
"327","Manita peć cave","POINT(15.4754 45.3142)","228","228","false",,,,,,,,,,"no",,
"328","Mata Virgem cave","POINT(-47.49 -11.62)","536","536","false",,,,,,,,,,"no",,
"330","Meravelles cave","POINT(0.5127 40.9488)","250","250","false",,,,,,,,,,"no",,
"332","Murada","POINT(3.965 39.956)","93","93","false",,,,,,,,,,"no",,
"333","Neotektonik cave","POINT(8.2667 46.7833)","2285","2285","false",,,,,,,,,,"no",,
"334","Nova Grgosova cave","POINT(15.6783 45.8188)","839","839","false",,,,,,,,,,"no",,
"335","Ostolo cave","POINT(-0.2678 43.1878)","404","404","false",,,,,,,,,,"no",,
"336","Pentadactylos","POINT(33.47 35.27)","685","684","false",,,,,,,,,,"no",,
"338","Coves del pirata","POINT(3.3009 39.5046)","90","90","false",,,,,,,,,,"no",,
"339","Pozzo Cucù cave","POINT(17.16 40.9)","2658","2658","false",,,,,,,,,,"no",,
"340","Qujia cave","POINT(118.4 35.7)","95","0","false",,,,,,,,,,"no",,
"341","Rey Marcos","POINT(-90.2807 15.4277)","520","520","false",,,,,,,,,,"no",,
"342","Sa balma des quartó cave","POINT(3.3059 39.5145)","1008","1008","false",,,,,,,,,,"no",,
"343","Sant'Angelo cave","POINT(17.5 40.7)","1002","0","false",,,,,,,,,,"no",,
"344","Sarma cave","POINT(40.37 43.39)","288","288","false",,,,,,,,,,"no",,
"345","Schratten cave","POINT(8.2667 46.7833)","584","584","false",,,,,,,,,,"no",,
"346","Shijiangjun cave","POINT(105.5 26.2)","959","959","false",,,,,,,,,,"no",,
"347","Shizi cave","POINT(106.2881 29.6822)","312","0","false",,,,,,,,,,"no",,
"348","Sudwala cave","POINT(20.7 -25.37)","109","109","false",,,,,,,,,,"no",,
"349","Talisman cave","POINT(72.35 40.39)","1513","1513","false",,,,,,,,,,"no",,
"350","Toca da Barriguda","POINT(-40.86 -10.16)","298","0","false",,,,,,,,,,"no",,
"351","Trapiá cave","POINT(-37.7 -5.6)","819","855","false",,,,,,,,,,"no",,
"352","War Eagle","POINT(-86.05 34.67)","659","657","false",,,,,,,,,,"no",,
"354","Wulu cave","POINT(105.0833 26.05)","1111","945","false",,,,,,,,,,"no",,
"355","Xiniu cave","POINT(110.57 31.5167)","791","791","false",,,,,,,,,,"no",,
"356","Yangzi cave","POINT(107.783 29.783)","1298","1298","false",,,,,,,,,,"no",,
"357","Yonderup cave","POINT(115.69 -31.547)","183","183","false",,,,,,,,,,"no",,
"358","Zhangjia cave","POINT(105.0833 32.5833)","1017","0","false",,,,,,,,,,"no",,
"360","Bigonda cave","POINT(11.581 46.018)","758","758","false",,,,,,,,,,"no",,
"361","Kocain cave","POINT(30.7117 37.2325)","369","369","false",,,,,,,,,,"no",,
"362","Labyrinth cave","POINT(115.1 -34.3)","161","161","false",,,,,,,,,,"no",,
"363","Lake Shasta cave","POINT(-122.304 40.804)","1025","1025","false",,,,,,,,,,"no",,
"365","Pot au Feu","POINT(0.24 42.52)","229","229","false",,,,,,,,,,"no",,
"366","Savi cave","POINT(13.8833 45.6167)","609","609","false",,,,,,,,,,"no",,
